{"cameraMode":{"drawMode":0,"name":"Shaded","section":"Shading Mode"},"sceneLighting":true,"audioPlay":false,"sceneViewState":{"m_AlwaysRefresh":false,"showFog":true,"showSkybox":true,"showFlares":true,"showImageEffects":true,"showParticleSystems":true,"showVisualEffectGraphs":true,"m_FxEnabled":true},"in2DMode":false,"pivot":{"x":-0.024643898010253907,"y":1.8103282451629639,"z":0.3584613800048828},"rotation":{"x":0.11601633578538895,"y":-0.46834444999694826,"z":0.06218375265598297,"w":0.8737956285476685},"size":7.315916538238525,"orthographic":false}